Manufacturers Name,Business Name,Date Of Accident,Time Of Accident,AM,PM,Vehicle Year,Make,Model,License Plate Number,Vehicle Identification Number,State Vehicle Is Registered In,Address Of Accident,City,County,State,Zip Code,Moving,Stopped In Traffic,Pedestrian Involved,Bicyclist Involved,Undefined,Other,Number Of Vehicles Involved,Damage: Unknown,Damage: None,Damage: Minor,Damage: Moderate,Damage: Major,Click 1,Left Rear 1,Rear Bumper,Right Rear 1,Left Rear 2,Left Rear 3,Right Rear 2,Right Rear 3,Left Rear Passenger 1,Left Rear Passenger 2,Right Rear Passenger 1,Right Rear Passenger 2,Left Rear Passenger 3,Left Rear Passenger 4,Right Rear Passenger 3,Right Rear Passenger 4,Front Driver Side 1,Front Driver Side 2,Front Passenger Side 1,Front Passenger Side 2,Front Driver Side 3,Front Driver Side 4,Front Passenger Side 3,Front Passenger Side 4,Left Front Corner 1,Left Front Corner 2,Right Front Corner 1,Right Front Corner 2,Left Front Corner 3,Front Bumper,Model_2,License Plate Number_2,Vehicle Identification Number_2,State Vehicle Is Registered In_2,Moving_2,Stopped In Traffic_2,Pedestrian_2,Bicyclist_2,Undefined_2,Other_2,Number Of Vehicles Involved_2,Drivers Full Name First Middle Last_2,Conventional Mode,Accident Detail Description,Additional Information Attached_3,Weather A 1,Weather A 2,Weather B 1,Weather B 2,Weather C 1,Weather C 2,Weather D 1,Weather D 2,Weather E 1,Weather E 2,Weather F 1,Weather F 2,Weather G 1,Weather G 2,Lighting A 1,Lighting A 2,Lighting B 1,Lighting B 2,Lighting C 1,Lighting C 2,Lighting D 1,Lighting D 2,Lighting E 1,Lighting E 2,Roadway A 1,Roadway A 2,Roadway B 1,Roadway B 2,Roadway C 1,Roadway C 2,Roadway D 1,Roadway D 2,Road Conditions A 1,Road Conditions A 2,Road Conditions B 1,Road Conditions B 2,Road Conditions C 1,Road Conditions C 2,Road Conditions D 1,Road Conditions D 2,Road Conditions E 1,Road Conditions E 2,Road Conditions F 1,Road Conditions F 2,Road Conditions G 1,Road Conditions G 2,Road Conditions H 1,Road Conditions H 2,Movement A 1,Movement A 2,Movement  B 1,Movement  B 2,Movement C 1,Movement C 2,Movement  D 1,Movement  D 2,Movement  E 1,Movement  E 2,Movement  F 1,Movement  F 2,Movement  G 1,Movement  G 2,Movement  H 1,Movement  H 2,Movement  I 1,Movement  I 2,Movement J 1,Movement J 2,Movement  K 1,Movement  K 2,Movement  L 1,Movement  L 2,Movement  M 1,Movement  M 2,Movement  N 1,Movement  N 2,Movement  O 1,Movement  O 2,Movement  P 1,Movement  P 2,Movement  Q 1,Movement  Q 2,Movement  R 1,Movement  R 2,Type A 1,Type A 2,Type B 1,Type B 2,Type C 1,Type C 2,Type D 1,Type D 2,Type E 1,Type E 2,Type F 1,Type F 2,Type G 1,Type G 2,Type H 1,Type H 2,Other A Yes,Other A No,Other B,Other C,Other D,Other E,Other F,Other G,Other H Yes,Other H No,Other I,Other J,Other K,Other L,Right Front Corner 3,Vehicle Year_2,Autonomous Mode,Latitude,Longitude,Narrow Roadway,Parked Vehicles,Intersection,Struck by Others,Other Party
Zoox Inc. ,Zoox Inc. ,8/23/2022,5:21,,Yes,2019.0,Toyota,Highlander,,,CA,Santa Cruz Ave. ,Menlo Park,San Mateo,CA,94025.0,Yes,,,,Yes,Vehicle,2,,,Yes,,,,,Yes,Yes,,,,,,,,,,,,,,,,,,,,,,,,,,,Honda Insight,,,CA,Yes,,,,Yes,Vehicle,2.0,,,"A Zoox vehicle in autonomy had made a right turn from Oakdell Rd. onto Santa Cruz Ave. in Menlo Park, CA and was preparing to make an immediate, unprotected left turn onto Sharon Road. The Zoox vehicle was slowing and moving at approximately 2 mph with its brake lamps and left turn indicator illuminated, yielding to an oncoming vehicle with the right of way. A following vehicle - traveling at approximately 24 mph - then struck the Zoox vehicle's right rear bumper, and that vehicle's driver airbag appeared to have deployed on impact. The Zoox operator disengaged autonomy, proceeded with the left turn, and pulled over. The following vehicle continued its path of travel, veered out of the lane, and collided with a tree on the left side of the road. The Menlo Park Police Department was called to the scene. Two Zoox operators sustained minor injuries and it is unknown if the driver of the other vehicle sustained injuries.",,Yes,Yes,,,,,,,,,,,,,Yes,Yes,,,,,,,,,Yes,Yes,,,,,,,,,,,,,,,,,,,,,Yes,Yes,,,,Yes,,,,,Yes,,,,,,,,,,,,,,,,,,,,,,,,,,,,,Yes,,,Yes,,,,,,,,,,,,,,,,,,,,,,,,,,,2010.0,Yes,37.4538969,-122.182779,-1,0,1,1,1
Waymo LLC,Waymo LLC,8/25/2022,6:05,,Yes,2021.0,Jaguar,I-Pace,,,CA,15th Street at Albion Street,San Francisco,San Francisco,CA,94103.0,,Yes,,,,,2,,,,Yes,,,,Yes,,,,,,,,,,,,,,,,,,,,,,,,,,,,,,,British Colombia,Yes,,,,,,2.0,,,"On August 25, 2022 at 6:05 PM PST a Waymo Autonomous Vehicle (“Waymo AV”) operating in San Francisco, California was in a collision involving a van on 15th Street at Albion Street.  The Waymo AV was traveling west on 15th street and came to a stop behind a double-parked vehicle in the right lane. Shortly after coming to a stop, a van approached from behind and made contact with the rear of the Waymo AV. The van then changed lanes and left the scene. At the time of the impact, the Waymo AV’s Level 4 ADS was engaged in autonomous mode, and a test driver was present (in the driver’s seating position). The Waymo AV sustained moderate damage.",,,,Yes,Yes,,,,,,,,,,,Yes,Yes,,,,,,,,,Yes,Yes,,,,,,,,,,,,,,,,,,,,,Yes,Yes,Yes,,,Yes,,,,,,,,,,,,,,,,,,,,,,,,,,,,,,,,,,,,,,Yes,,,,,,,,,,,,,,,,,,,,,,,,,,,Yes,37.7725,-122.4147,1,1,1,1,0
Zoox Inc. ,Zoox Inc. ,8/30/2022,9:01,,Yes,2016.0,Toyota,Highlander,,,CA,On Kearny St. towards Bush St. ,San Francisco,San Francisco,CA,94108.0,,Yes,,,Yes,Vehicle,2,,,Yes,,,,,Yes,,,,,,,,,,,,,,,,,,,,,,,,,,,,Toyota Sienna,,,CA,Yes,,,,Yes,Vehicle,2.0,,,"A Zoox vehicle in autonomy was proceeding straight on Kearney Street in San Francisco, CA, in stop-and-go traffic. The Zoox vehicle came to a stop for a vehicle ahead when Vehicle Two made light contact with the Zoox vehicle's rear bumper from behind. There were no injuries and the police were not called. ",,Yes,Yes,,,,,,,,,,,,,,,,,Yes,Yes,,,,,Yes,Yes,,,,,,,,,,,,,,,,,,,,,Yes,Yes,Yes,,,,,,,,,,,,,,,,,,,Yes,,,,,,,,,,,,,,,,,,Yes,,,Yes,,,,,,,,,,,,,,,,Yes,,,,,,,,,,,2012.0,Yes,37.7929,-122.4079,0,0,0,1,0
Cruise LLC,Cruise,9/1/2022,6:46,,Yes,2022.0,Cruise,AV,,,CA,766 Pine St,San Francisco,San Francisco,CA,94108.0,Yes,,,,Yes,Motorcycle,2,,,Yes,,,,,,Yes,,,,,,,,,,,,,,,,,,,,,,,,,,,Yamaha SMAX,,,CA,Yes,,,,,,2.0,,,"A Cruise autonomous vehicle (""Cruise AV""), operating in supervised autonomous mode, was traveling westbound on Pine Street between Powell Street and Stockton Street. At the same time, a motorcyclist approaching from the rear began to merge into the Cruise AV's lane behind the Cruise AV, and subsequently made contact with the Cruise AV's rear passenger side bumper, damaging the motorcycle's front fender. The driver of the motorcycle reported minor injuries and police were not called.",,Yes,Yes,,,,,,,,,,,,,Yes,Yes,,,,,,,,,Yes,Yes,,,,,,,,,,,,,,,,,,,,,Yes,Yes,,,Yes,,,,,,,,,,,,,,,,,Yes,,,,,,,,,,,,,,,,,,Yes,,,Yes,,,,,,,,,,,,,,,,,,,,,,,,,,,2020.0,Yes,37.7913369,-122.4085224,-1,0,0,1,3
Zoox Inc.,Zoox Inc.,9/1/2022,11:30,Yes,,2016.0,Toyota,Highlander,,,CA,Treat Ave. & Alameda St.,San Francisco,San Francisco,CA,94103.0,Yes,,,Yes,,,2,,,Yes,,,,,,,,,,Yes,,,,,,,,,,,,,,,,,,,,,,,,,,,Yes,,,,Yes,Vehicle,2.0,,,"A Zoox vehicle in autonomy was slowing for a right turn from Treat Ave. to Alameda St. in San Francisco, CA with its turn indicator and brake lights illuminated, when a following bicyclist struck the rear right corner of the Zoox vehicle. The Zoox vehicle camera bracket was damaged. Police were not called and no injuries were reported.",,Yes,Yes,,,,,,,,,,,,,Yes,Yes,,,,,,,,,Yes,Yes,,,,,,,,,,,,,,,,,,,,,Yes,Yes,,,,Yes,,,Yes,,,,,,,,,,,,,,,,,,,,,,,,,,,,,,,Yes,,,Yes,,,,,,,,,,,,,,,,,,,,,,,,,,,,Yes,37.7725,-122.4147,-1,0,1,1,4
Cruise LLC,Cruise,9/4/2022,5:37,Yes,,2020.0,Cruise,AV,,,CA,1597 Howard St,San Francisco,San Francisco,CA,94103.0,,Yes,,,,,2,,,Yes,,,,,,,,,,,,,,,,,,,,,,,,,,Yes,,,,Yes,,,Lexus,,,CA,Yes,,,,,,2.0,,Yes,"A Cruise autonomous vehicle (“Cruise AV”), operating in manual mode, was traveling eastbound on 12th Street between Kissling Street and Howard Street. Following the intersection of Howard Street, the Cruise AV came to a stop as a Lexus CT200 was stopped in the wrong direction of traffic on 12th Street. The driver of the Lexus CT200 appeared to be asleep. The Cruise AV operator made attempts to wake up the driver by flashing the Cruise AV headlights and honking the horn. A nearby cyclist also made attempts to wake up the driver. Shortly thereafter, the driver of the Lexus CT200 woke up, accelerated forward and made contact with the Cruise AV, damaging the front passenger fender and wheel well of the Cruise AV. There were no reported injuries.   ",,Yes,Yes,,,,,,,,,,,,,,,,,Yes,Yes,,,,,Yes,Yes,,,,,,,,,,,,,,,,,,,,,Yes,Yes,Yes,,,Yes,,,,,,,,,,,,,,,,,,,,,,,,,,,,,,Yes,,,Yes,Yes,,,,,,,,,,,,,,,,,,,,,,,,,,,,,Yes,2015.0,,37.7718092,-122.4167067,0,0,1,1,1
Cruise LLC,Cruise,9/5/2022,5:14,Yes,,2022.0,Cruise,AV,,,CA,1727 Sacramento Street,San Francisco,San Francisco,CA,94109.0,Yes,,,,,,2,,,Yes,,,,,,Yes,,,,,,,,,,,,,,,,,,,,,,,,,,,Honda Accord,,,,Yes,,,,,,2.0,,,"A Cruise autonomous vehicle (""Cruise AV""), operating in driverless autonomous mode, was traveling eastbound on Sacramento Street between Van Ness Avenue and Polk Street. The Cruise AV approached a semi-trailer truck that was stopped in the left lane of traffic. The Cruise AV stopped before maneuvering into the bus and taxi lane to pass the semi-trailer truck. As the Cruise AV was slowly maneuvering around the semi-trailer truck and merging back into the left lane of traffic, a Honda Accord traveling behind the Cruise AV attempted to pass the Cruise AV and made contact with the Cruise AV, damaging the rear passenger side bumper of the Cruise AV. The driver of the Honda Accord left the scene without exchanging information. There were no reported injuries.   ",,Yes,Yes,,,,,,,,,,,,,,,,,Yes,Yes,,,,,Yes,Yes,,,,,,,,,,,,,,,,,,,,,Yes,Yes,,,,Yes,,,,,,,,,,,Yes,,,,,,,,,,,,,,,,,,,,,,,Yes,,,Yes,,,,,,,,,,,,,,,,,,,,,,,,,,,,Yes,37.7913547,-122.4213305,-1,0,0,1,1
Waymo LLC,Waymo LLC,9/10/2022,12:57,,Yes,2021.0,Jaguar,I-PACE,,,CA, 2121 Evans Avenue,San Francisco,San Francisco,CA,94124.0,,Yes,,,,,2,,,Yes,,,,,,,Yes,,,,,,,,,,,,,,,,,,,,,,,,,,,,,,Yes,,,,,,2.0,,,"On September 10th, 2022 at 12:57 PM PST a Waymo Autonomous Vehicle (“Waymo AV”) operating in San Francisco, CA was in a collision involving a pickup truck in a parking lot at 2121 Evans Avenue.  The Waymo AV came to a stop in the parking lot while yielding to both pedestrians and an oncoming pickup truck. While the Waymo AV was stopped, the oncoming pickup truck passed the Waymo AV on the left hand side, making contact with the rear left sensor of the Waymo AV. The pickup truck then left the scene. At the time of the impact, the Waymo AV’s Level 4 ADS was stationary and engaged in autonomous mode, and a test driver was present (in the driver’s seating position). The Waymo AV sustained damage.",,Yes,Yes,,,,,,,,,,,,,Yes,Yes,,,,,,,,,Yes,Yes,,,,,,,,,,,,,,,,,,,,,Yes,Yes,Yes,,,,,,,,,Yes,,,,,,,,,,,,,,,,,,,,,,,,,,,,,,Yes,,,,,,,,,,,,,,,,,,,,,,,,,,,,,Yes,37.7486629,-122.3969068,0,0,0,1,2
Zoox Inc. ,Zoox Inc. ,9/14/2022,7:49,,Yes,2016.0,Toyota,Highlander,,,CA,W. Grant Line Rd and 580 W on-ramp,Altamont,Alameda County,CA,94551.0,Yes,,,,Yes,Vehicle,2,,,,Yes,,,,,,,,,,,,,,Yes,,,,,,,,,,,,Yes,Yes,Yes,Yes,Yes,Yes,,,,,Yes,,,,Yes,Vehicle,2.0,,Yes,"A Zoox vehicle in manual mode was slowing with the right of way to begin its turn to enter the 580 West Freeway on-ramp from West Grant Line Road in Altamont, CA. Vehicle 2 exiting the 580 West Freeway off-ramp jumped the median and made contact with the front end of the Zoox vehicle, continuing off an embankment and ending in a rollover. The other driver refused to provide any information and was observed being treated by first responders. The California Highway Patrol provided an NCI number (9390) at the scene. Autonomy was not engaged at any point during the drive cycle proceeding the event. ",,Yes,Yes,,,,,,,,,,,,,,,,,,,Yes,Yes,,,Yes,Yes,,,,,,,,,,,,,,,,,,,,,Yes,Yes,,,Yes,,,Yes,,,,,,,,,Yes,,,,,,,,,,,,,,,,,,,,,Yes,,Yes,Yes,,,,,,,,,,,,,,,,,,,Yes,,,,,,,,,Yes,,,37.75825849,-121.5067664,0,0,1,1,0
Waymo LLC,Waymo LLC,9/15/2022,9:42,Yes,,2021.0,Jaguar,I-PACE,,,CA,California Street at 19th Avenue,San Francisco,San Francisco,CA,94121.0,,Yes,,,,,2,,,Yes,,,,,Yes,,,,,,,,,,,,,,,,,,,,,,,,,,,,,,,,Yes,,,,,,2.0,,,"On September 15, 2022 at 9:42 AM PST a Waymo Autonomous Vehicle (“Waymo AV”) operating in San Francisco, California was in a collision involving a passenger car on California Street at 19th Avenue.  The Waymo AV stopped at a stop sign facing east on California Street at 19th Avenue. A passenger car approaching from behind made contact with the rear of the Waymo AV. At the time of the impact, the Waymo AV’s Level 4 ADS was engaged in autonomous mode, and a test driver was present (in the driver’s seating position). The Waymo AV sustained damage.",,Yes,Yes,,,,,,,,,,,,,Yes,Yes,,,,,,,,,Yes,Yes,,,,,,,,,,,,,,,,,,,,,Yes,Yes,Yes,,,,,,,,,,,,,,,Yes,,,,,,,,,,,,,,,,,,,,,,,,,,Yes,,,,,,,,,,,,,,,,,,,,,,,,,,,Yes,37.7786,-122.4892,0,0,1,1,1
Waymo LLC,Waymo LLC,9/17/2022,6:38,Yes,,2021.0,Jaguar,I-Pace,,,CA, Potrero Avenue and 24th Street,San Francisco,San Francisco,CA,94110.0,,Yes,,,,,2,,Yes,,,,,,,,,,,,,,,,,,,,,,,,,,,,,,,,,,Toyota 4-Runner LTD,,,CA,Yes,,,,,,2.0,,,"On September 17, 2022 at 6:38 AM PST a Waymo Autonomous Vehicle (“Waymo AV”) operating in San Francisco, California was in a collision involving an SUV on Potrero Avenue and 24th Street.  While traveling northbound on Potrero Avenue, the Waymo AV changed lanes from the center lane to the right lane before slowing to a stop at a red light at 24th Street. While the Waymo AV was making the lane change, the vehicle immediately behind the Waymo AV in the right lane moved to the center lane and made contact with the right rear sensor of the Waymo AV. At the time of the impact, the Waymo AV’s Level 4 ADS was engaged in autonomous mode, and a test driver was present (in the driver’s seating position). The SUV sustained damage. ",,Yes,Yes,,,,,,,,,,,,,Yes,Yes,,,,,,,,,Yes,Yes,,,,,,,,,,,,,,,,,,,,,Yes,Yes,Yes,,,,,,,,,,,,,,,Yes,,,,Yes,,,,,,,,,,,,,,,,,,,,Yes,,,,,,,,,,,,,,,,,,,,,,,,,,,,1999.0,Yes,37.7531044,-122.406132,0,0,1,1,0
"Argo AI, LLC",Argo AI,9/22/2022,5:24,,Yes,2020.0,Ford,Escape,,,MI,SE Park Avenue,Palo Alto,Santa Clara,CA,94306.0,Yes,,,Yes,,,1,,,Yes,,,,,,,,,,,,,,,,,,,,,,Yes,,,,,,,,,,,,,,,,,,,,,,,,"An Argo AI Autonomous Vehicle (""Argo AV"") was impacted by a cyclist while traveling east on Park Ave and approaching Cambridge Ave. The Argo AV was traveling in its lane adjacent to a cyclist who was traveling in a marked bike lane. As the Argo AV was passing the cyclist (while maintaining more than 2 meters of lateral margin), the cyclist veered left into the Argo AV's lane. In response, the Argo AV steered away from the cyclist, but the cyclist continued into the lane and the bicycle's left handlebar made contact with the Argo AV's passenger side door handle. The Test Specialist brought the AV to a stop. The cyclist maintained balance, continued to cross the lanes behind the stopped Argo AV, and left the scene after a brief conversation with the left seat Test Specialist, during which the cyclist indicated that he was fine and apologized. The Argo AV sustained minor damage to its passenger side door handle.",,Yes,,,,,,,,,,,,,,Yes,,,,,,,,,,Yes,,,,,,,,,,,,,,,,,,,,,,Yes,,,,Yes,,,,,,,,,,,,,,,,,,,,,,,,,,,,,,,,,,,,Yes,,,,,,,,,,,,,,,,,,,,,,,,,,,,,,Yes,37.418,-122.1274,0,0,0,1,4
"Zoox, Inc. dba Zoox Labs, Inc.",Zoox,10/3/2022,2:02,,Yes,2016.0,Toyota,Highlander,,,CA,Pine St. near Powell St. ,San Francisco ,San Francisco,CA,94108.0,,Yes,,,,,2,,,Yes,,,,,,,,,,,,,,,,,,,,,,,,,,,,,,,Yes,Yes,See Narrative. ,,,,Yes,,,,,,2.0,,,"A Zoox vehicle was in autonomy proceeding straight on Pine Street in San Francisco, CA when it encountered a double parked United States Postal Service van in lane (vehicle 2: model, year, VIN and insurance are unknown). The Zoox vehicle came to a complete stop while waiting for an opportunity to merge around vehicle 2. Vehicle 2 then rolled backwards into the Zoox vehicle, causing minor damage to front sensors and Vehicle 2 rear bumper. There were no injuries and first responders were not notified. Post incident review did not observe any brake lights or reverse lights on vehicle 2 while it was rolling backwards.    ",,Yes,Yes,,,,,,,,,,,,,Yes,Yes,,,,,,,,,Yes,Yes,,,,,,,,,,,,,,,,,,,,,Yes,Yes,Yes,,,,,,,,,,,,,,,,,,,,,,,,,,,,,,,,,,,Yes,Yes,,,,,,,,,,,,,,,Yes,,,,,,,,,,,,,,,Yes,,Yes,37.79115922,-122.4090153,1,1,0,1,0
Ghost Autonomy Inc.,Ghost Autonomy Inc.,10/7/2022,11:45,Yes,,2017.0,Toyota  ,Camry SE,,,CA,Main Street (East of Navy Way),Alameda,,CA,94501.0,Yes,,,,Yes,Car,2,,,Yes,,,,,,,,,,Yes,,,,Yes,,,,Yes,,,,Yes,,,,Yes,,,,,,,Hyundai Kona SEL,,,CA,Yes,,,,,,2.0,,Yes,"A Ghost vehicle in conventional mode was traveling east on Main Street in Alameda, CA. Vehicle 2 was parked on Main Street facing east. Vehicle 2 abruptly exited the parking space and pulled into the lane in front of the Ghost vehicle. The Ghost driver engaged the brakes and moved towards the adjacent lane, preventing a front to rear collision. Vehicle 2 continued into the lane and made contact with the right side of the Ghost vehicle. The other driver stated that he was distracted by a conversation with his passenger while exiting the parking space and did not notice close oncoming traffic before pulling into the lane. First responders were not called to the scene. The California Highway Patrol did not report to the scene.  Autonomy was not engaged at any point during the drive cycle preceding the event.",,Yes,Yes,,,,,,,,,,,,,Yes,Yes,,,,,,,,,Yes,Yes,,,,,,,,,,,,,,,,,,,,,Yes,Yes,,,Yes,,,,,,,,,,,,,,,,,,,,,Yes,,,,,,,,,,,,,,,,Yes,,,,,,,,,,,,,,,,,,,,,,,,,,,,2020.0,,37.7706,-122.2648,0,1,0,1,1
Apple Inc.,Apple Inc.,10/10/2022,9:56,Yes,,2016.0,Lexus,RX 450h,,,CA,Lawrence Expy and Sandia Ave,Sunnyvale,Santa Clara,CA,94089.0,,Yes,,,,,2,,,Yes,,,,,Yes,,,,,,,,,,,,,,,,,,,,,,,,,,,,Toyota Camry,,,CA,Yes,,,,,,2.0,,Yes,"On October 10th, a test vehicle operating in manual driving mode was stopped at a red light while southbound on Lawrence Expressway at Sandia Avenue in Sunnyvale when a Toyota Camry made light contact from the rear.  No injuries were reported and law enforcement was not called to the scene.  Test vehicle sensors were damaged.",,,,Yes,Yes,,,,,,,,,,,Yes,Yes,,,,,,,,,Yes,Yes,,,,,,,,,,,,,,,,,,,,,Yes,Yes,Yes,,,Yes,,,,,,,,,,,,,,,,,,,,,,,,,,,,,,,,,,Yes,,,Yes,,,,,,,,,,,,,,,,,,,,,,,,Yes,,,2023.0,,37.3983,-122.0006,0,0,1,1,1
"Zoox, Inc. dba Zoox Labs, Inc.",Zoox,10/14/2022,2:52,,Yes,2016.0,Toyota,Highlander,,,CA, Broadway St & Sansome St Intersection  ,San Francisco,San Francisco,CA,94133.0,Yes,,,,,,2,,,Yes,,,,,,,,,,,,,,,,,,,,,,,,,,,,,,,Yes,Yes,Nissan Altima SR,,,CA,Yes,,,,,,2.0,,,A Zoox vehicle was proceeding straight in autonomy through an intersection with a green light and right of way when vehicle 2 attempted an illegal left turn across lanes of traffic into Zoox’s right of way. The safety driver disengaged and applied max braking effort which allowed Zoox to mitigate but not completely prevent the unavoidable collision. The Zoox vehicle struck the right front corner of vehicle 2. No injuries were reported and the police were not called to the scene. ,,Yes,Yes,,,,,,,,,,,,,Yes,Yes,,,,,,,,,Yes,Yes,,,,,,,,,,,,,,,,,,,,,Yes,Yes,,,Yes,,,,,,,,,,,,,,,,,,,,,,,Yes,,,,,,,,,,,Yes,,,,,,,Yes,,,,,,,,,,,,,,,,,,,,,,,Yes,2020.0,Yes,37.8002,-122.4091,0,0,1,1,1
Apple Inc.,Apple Inc.,10/20/2022,11:19,Yes,,2017.0,Lexus,RX 450h,,,CA,US-101S Ramp & Lawrence Expressway,Sunnyvale,Santa Clara,CA,94085.0,,Yes,,,,,2,,,,Yes,,,Yes,Yes,Yes,,,,,,,,,,,,,,,,,,,,,,,,,,,Ford F-150,,,AZ,Yes,,,,,,2.0,,Yes,"On October 20th, a test vehicle operating in manual driving mode was stopped at a red light after exiting Highway 101 to turn right onto Lawrence Expressway in Sunnyvale when a Ford pickup made contact from the rear.  No injuries were reported and law enforcement was not called to the scene.  Both vehicles sustained moderate damage.",,Yes,Yes,,,,,,,,,,,,,Yes,Yes,,,,,,,,,Yes,Yes,,,,,,,,,,,,,,,,,,,,,Yes,Yes,,,,,,,,Yes,,,,,,,Yes,,,,,,,,,,,,,,,,,,,,,,,Yes,,,Yes,,,,,,,,,,,,,,,,,,,,,,,,,,,2015.0,,37.3886,-122.0177,0,0,1,1,2
Waymo LLC,Waymo LLC,10/21/2022,1:55,,Yes,2021.0,Jaguar,I-Pace,,,CA,Larkin Street and O'Farrell Street ,San Francisco,San Francisco,CA,94109.0,Yes,,,,,,2,,,Yes,,,,,,,,,,Yes,,,,Yes,,,,Yes,,,,Yes,,,,,,,,,,,Chevrolet Malibu,,,CA,Yes,,,,,,2.0,,Yes,"On October 21, 2021 at 1:55 PM PST a Waymo Autonomous Vehicle (“Waymo AV”) operating in San Francisco was in a collision involving a passenger vehicle at Larkin Street and O'Farrell Street.  While in manual mode, the Waymo AV was slowly approaching stopped traffic ahead when a vehicle in the right adjacent lane started reversing into a parallel parking space. In the process,  the front left bumper of the passenger vehicle scraped the right side panels and bumper of the Waymo AV. At the time of the impact, the Waymo AV’s Level 4 ADS was not engaged and a test driver was operating the Waymo AV in manual mode. Both vehicles sustained minor damage.",,,,Yes,Yes,,,,,,,,,,,Yes,Yes,,,,,,,,,,,Yes,Yes,,,,,,,,,,,,,,,,,,,Yes,Yes,,,,,,,,,,,,,,Yes,Yes,,,,,,,Yes,,,,,,,,,,,,,,,,,,Yes,,,,,,,,,,,,,,,,,,,,,,,,,,,,2020.0,,37.78517809,-122.4179158,-1,1,1,1,1
Waymo LLC,Waymo LLC,10/21/2022,8:27,Yes,,2021.0,Jaguar,I-Pace,,,CA,Filbert Street at Kearny Street,San Francisco,San Francisco,CA,94133.0,Yes,,,,,,1,,,Yes,,,,,,,,,,,,,,,Yes,,,Yes,,,,,,,,,,,,,,,,,,,,,,,,,,,,"On October 21, 2022 at 8:27 AM PST a Waymo Autonomous Vehicle (“Waymo AV”) operating in San Francisco, California made contact with the pavement on a steep hill on Filbert Street at Kearny Street.  The Waymo AV was on a steep hill, turning from Filbert Street onto Kearny Street, when the Waymo AV's undercarriage made contact with the pavement (the AV did not contact any vehicle or road user). At the time of the impact, the Waymo AV’s Level 4 ADS was engaged in autonomous mode, and a test driver was present (in the driver’s seating position). The Waymo AV sustained damage. ",,Yes,Yes,,,,,,,,,,,,,Yes,Yes,,,,,,,,,Yes,Yes,,,,,,,,,,,,,,,,,,,,,Yes,Yes,,,,,,,Yes,,,,,,,,,,,,,,,,,,,,,,,,,,,,,,,,,,,,,,,,,,,,Yes,,,,,,,,,,,,,,,,,,Yes,37.8002,-122.4091,1,0,1,0,0
Waymo LLC,Waymo LLC,11/3/2022,4:30,,Yes,2021.0,Jaguar,I-Pace,,,CA,101 Villa Terrace,San Francisco,San Francisco,CA,94114.0,Yes,,,,,,2,,,Yes,,,,,,,,,,,,,,,,,,,,,,,,,,,,,,Yes,,,Honda CR-V,,,CA,,,,,Yes,Parked,2.0,,Yes,"On November 3, 2022 at 4:30 PM PST a Waymo Autonomous Vehicle (“Waymo AV”) operating in San Francisco, California was in a collision involving a parked SUV near 101 Villa Terrace.  While reversing in manual on a narrow road, the front right radar of the Waymo AV made contact with the taillight of a parked SUV. At the time of the impact, the Waymo AV’s Level 4 ADS was not engaged and a test driver was operating the Waymo AV in manual mode. Both vehicles sustained damage. ",,,,Yes,Yes,,,,,,,,,,,Yes,Yes,,,,,,,,,Yes,Yes,,,,,,,,,,,,,,,,,,,,,Yes,Yes,,,,,,,,,,,,,Yes,,,,,,,,,,,,,,,,,Yes,,,,,,,,,,,,,,,,,,,,,Yes,,,,,,,,,,,,,,,,,2005.0,,37.7584635,-122.4466727,1,1,0,0,0
"Zoox, Inc. dba Zoox Labs, Inc.",Zoox,11/4/2022,1:40,,Yes,2016.0,Toyota,Highlander,,,CA,Vallejo Street and Sansome Street,San Francisco,San Francisco,CA,94111.0,,Yes,,,,,2,,,Yes,,,,,Yes,,,,,,,,,,,,,,,,,,,,,,,,,,,,Ford Mustang,,,CA,Yes,,,,,,2.0,,Yes,A Zoox vehicle in manual mode was stopped at the intersection of Vallejo Street and Sansome Street when a following vehicle made contact with the rear sensor array resulting in minor damage to the sensor bracket. No injuries were reported and the police were not called to the scene.    ,,Yes,Yes,,,,,,,,,,,,,Yes,Yes,,,,,,,,,Yes,Yes,,,,,,,,,,,,,,,,,,,,,Yes,Yes,Yes,,,Yes,,,,,,,,,,,,,,,,,,,,,,,,,,,,,,,,,,Yes,,,Yes,,,,,,,,,,,,,,,,,,,,,,,,,,,1995.0,,37.7996216,-122.4023808,0,0,1,1,0
Waymo LLC,Waymo LLC,11/8/2022,9:34,Yes,,2021.0,Jaguar,I-PACE,,,CA,2nd Street at Minna Street,San Francisco,San Francisco,CA,94105.0,,Yes,,,,,2,,,Yes,,,,Yes,,,,,,,,,,,,,,,,,,,,,,,,,,,,,Lexus GS,,,CA,Yes,,,,,,2.0,,,"On November 8, 2022 at 9:34 AM PST a Waymo Autonomous Vehicle (“Waymo AV”) operating in San Francisco, California was in a collision involving a passenger car on 2nd Street at Minna Street.  The Waymo AV was stopped in traffic on northbound 2nd Street in autonomous mode. A passenger car that had been stopped behind the Waymo AV passed on the left side, crossing the double yellow line and making contact with the Waymo AV’s rear left sensor housing. The passenger car immediately left the scene.  At the time of the impact, the Waymo AV’s Level 4 ADS was engaged in autonomous mode, and a test driver was present (in the driver’s seating position). The Waymo AV sustained damage.",,,,,,Yes,Yes,,,,,,,,,Yes,Yes,,,,,,,,,,,Yes,Yes,,,,,,,,,,,,,,,,,,,Yes,Yes,Yes,,,,,,,,,,,,,,,,,,,,,,,,,,,Yes,,,,,,,,,,,,,,Yes,,,,,,,,,,,,,,,,,,,,,,,,,,2013.0,Yes,37.7864,-122.3892,1,0,1,1,1