Manufacturers Name,Business Name,Date Of Accident,Time Of Accident,AM,PM,Vehicle Year,Make,Model,License Plate Number,Vehicle Identification Number,State Vehicle Is Registered In,Address Of Accident,City,County,State,Zip Code,Moving,Stopped In Traffic,Pedestrian Involved,Bicyclist Involved,Undefined,Other,Number Of Vehicles Involved,Damage: Unknown,Damage: None,Damage: Minor,Damage: Moderate,Damage: Major,Click 1,Left Rear 1,Rear Bumper,Right Rear 1,Left Rear 2,Left Rear 3,Right Rear 2,Right Rear 3,Left Rear Passenger 1,Left Rear Passenger 2,Right Rear Passenger 1,Right Rear Passenger 2,Left Rear Passenger 3,Left Rear Passenger 4,Right Rear Passenger 3,Right Rear Passenger 4,Front Driver Side 1,Front Driver Side 2,Front Passenger Side 1,Front Passenger Side 2,Front Driver Side 3,Front Driver Side 4,Front Passenger Side 3,Front Passenger Side 4,Left Front Corner 1,Left Front Corner 2,Right Front Corner 1,Right Front Corner 2,Left Front Corner 3,Front Bumper,Model_2,License Plate Number_2,Vehicle Identification Number_2,State Vehicle Is Registered In_2,Moving_2,Stopped In Traffic_2,Pedestrian_2,Bicyclist_2,Undefined_2,Other_2,Number Of Vehicles Involved_2,Drivers Full Name First Middle Last_2,Conventional Mode,Accident Detail Description,Additional Information Attached_3,Weather A 1,Weather A 2,Weather B 1,Weather B 2,Weather C 1,Weather C 2,Weather D 1,Weather D 2,Weather E 1,Weather E 2,Weather F 1,Weather F 2,Weather G 1,Weather G 2,Lighting A 1,Lighting A 2,Lighting B 1,Lighting B 2,Lighting C 1,Lighting C 2,Lighting D 1,Lighting D 2,Lighting E 1,Lighting E 2,Roadway A 1,Roadway A 2,Roadway B 1,Roadway B 2,Roadway C 1,Roadway C 2,Roadway D 1,Roadway D 2,Road Conditions A 1,Road Conditions A 2,Road Conditions B 1,Road Conditions B 2,Road Conditions C 1,Road Conditions C 2,Road Conditions D 1,Road Conditions D 2,Road Conditions E 1,Road Conditions E 2,Road Conditions F 1,Road Conditions F 2,Road Conditions G 1,Road Conditions G 2,Road Conditions H 1,Road Conditions H 2,Movement A 1,Movement A 2,Movement  B 1,Movement  B 2,Movement C 1,Movement C 2,Movement  D 1,Movement  D 2,Movement  E 1,Movement  E 2,Movement  F 1,Movement  F 2,Movement  G 1,Movement  G 2,Movement  H 1,Movement  H 2,Movement  I 1,Movement  I 2,Movement J 1,Movement J 2,Movement  K 1,Movement  K 2,Movement  L 1,Movement  L 2,Movement  M 1,Movement  M 2,Movement  N 1,Movement  N 2,Movement  O 1,Movement  O 2,Movement  P 1,Movement  P 2,Movement  Q 1,Movement  Q 2,Movement  R 1,Movement  R 2,Type A 1,Type A 2,Type B 1,Type B 2,Type C 1,Type C 2,Type D 1,Type D 2,Type E 1,Type E 2,Type F 1,Type F 2,Type G 1,Type G 2,Type H 1,Type H 2,Other A Yes,Other A No,Other B,Other C,Other D,Other E,Other F,Other G,Other H Yes,Other H No,Other I,Other J,Other K,Other L,Right Front Corner 3,Vehicle Year_2,Autonomous Mode,Latitude,Longitude,Narrow Roadway,Parked Vehicles,Intersection,Struck by Others,Other Party
"Zoox, Inc. dba Zoox Labs Inc. ",Zoox,9/11/2023,3:20,,Yes,2017.0,Toyota,Highlander,,,CA,At 7th Street and Folsom Street,San Francisco,San Francisco,CA,94103.0,,Yes,,,Yes,Van,2,,,Yes,,,,Yes,,,Yes,,,,,,,,,,,,,,,,,,,,,,,,,,Chevrolet Express,,,CA,Yes,,,,Yes,,2.0,,,"A Zoox vehicle in autonomy was slowing to a gradual stop on eastbound Folsom St. for a red light at 7th St. when it was rear-ended by vehicle 2 at approximately 10 mph. There was minor damage, no reported injuries, and police were not called.",,Yes,Yes,,,,,,,,,,,,,Yes,Yes,,,,,,,,,Yes,Yes,,,,,,,,,,,,,,,,,,,,,Yes,Yes,Yes,,,Yes,,,,,,,,,,,,,,,,,,,,,,,,,,,,,,,,,,,,,Yes,,,,,,,,,,,,,,,,,,,,,,,,,,,2001.0,Yes,37.77687985,-122.4079024,0,0,1,1,0
Waymo LLC,Waymo LLC,9/11/2023,8:34,,Yes,2021.0,Jaguar,I-Pace,,,CA,Sansome Street near Vallejo Street,San Francisco,San Francisco,CA,94133.0,,Yes,,,,,2,,,Yes,,,,Yes,,,,,,,,,,,,,,,,,,,,,,,,,,,,,Land Rover Range Rover,,,CA,Yes,,,,,,2.0,,Yes,"On September 11, 2023 at 8:34 PM PT a Waymo Autonomous Vehicle (“Waymo AV”) operating in San Francisco, California was in a collision involving an SUV on Sansome Street near Vallejo Street.   While the Waymo AV was pulled over in the right lane on northbound Sansome Street, an SUV that was passing the parked Waymo AV made contact with the rear driver’s side of the Waymo AV. At the time of the impact, the Waymo AV’s Level 4 ADS was not engaged and a test driver was operating the Waymo AV in manual mode. Both vehicles sustained damage.  ",,Yes,Yes,,,,,,,,,,,,,,,,,Yes,Yes,,,,,Yes,Yes,,,,,,,,,,,,,,,,,,,,,Yes,Yes,,,,Yes,,,,,,,,,,,,,,,,,,,,,,,,,Yes,,,,,,,,,,,Yes,,,,,,,,,,,,,,,,,,,,,,,,,,,,2012.0,,37.79987548,-122.4024094,-1,1,0,1,0
Cruise LLC,Cruise,9/11/2023,5:32,,Yes,2022.0,Cruise,AV,,,CA,215 Bush St,San Francisco,San Francisco,CA,94104.0,,Yes,,,,,2,,,Yes,,,,,,,,,,,,,,,,,,,,,,,Yes,,,,Yes,,,,Yes,,Delivery truck,,,CA,Yes,,,,,,2.0,,,"A Cruise autonomous vehicle (""AV""), operating in driverless autonomous mode, was at a complete stop in response to a red light on eastbound Bush Street in the second leftmost lane at the intersection with Sansome Street. As the AV attempted to maneuver into the left turn lane, the AV slowed to a complete stop. A delivery truck traveling behind and to the left of the AV proceeded forward and attempted to drive past the AV on the left. Shortly thereafter, the delivery truck made contact with the AV, damaging the AV’s front driver side bumper fascia and front driver side wheel opening molding. The driver of the delivery truck left the scene without exchanging information. There were no reported injuries.",,Yes,Yes,,,,,,,,,,,,,Yes,Yes,,,,,,,,,Yes,Yes,,,,,,,,,,,,,,,,,,,,,Yes,Yes,Yes,,,Yes,,,,,,,,,,,,,,,,,,,,,,,,,,,,,,,,,,,Yes,Yes,,,,,,,,,,,,,,,,,,,,,,,,,,,,,Yes,37.79128431,-122.4011684,0,0,1,1,2
"Pony.ai, Inc.",Pony.ai,9/15/2023,5:02,,Yes,2019.0,Lincoln,MKZ,,,CA,Interstate 880; near exit 10,Milpitas,Alameda,CA,95035.0,Yes,,,,,,1,,,Yes,,,,,,Yes,,,,,,,,,,,,,,,,,,,,,,,,,,,,,,,,,,,,,,,Yes,"On September 15, 2023, a Pony.ai autonomous vehicle (AV) collided with road debris while operating in supervised autonomous (""Drivered"") mode northbound on the 880 freeway, preparing to enter the Dixon Landing exit.  Immediately prior to the incident, the safety driver noticed a flat item was in the center part of the lane. The driver disengaged from autonomous mode and attempted to dodge the debris. However, the debris struck the rear bumper slightly damaging it.  Following the collision, the safety operator promptly drove the AV to Pony.ai's Fremont office. There were no injuries reported, and the police were not called. ",,Yes,,,,,,,,,,,,,,Yes,,,,,,,,,,Yes,,,,,,,,,,Yes,,,,,,,,,,,,,,,,Yes,,,,,,,,,,,,,,,,,,,,,,,,,,,,,,,,,,,,,,,,,,Yes,,,,,,,,,,Yes,,,Yes,,,,,,,,,,,,37.80975934,-122.3048989,0,0,0,0,0
Cruise LLC,Cruise,9/25/2023,9:37,Yes,,2020.0,Cruise,AV,,,CA,382 25th Ave,San Francisco,San Francisco,CA,94121.0,Yes,,,,,,2,,,Yes,,,,,,,,,,,,,,,,,,,,,,,,,,,,,,Yes,,,Voyager,,,CA,,,,,Yes,Parked,2.0,,Yes,"A Cruise autonomous vehicle (""AV""), operating in manual mode, was traveling northbound on 25th Avenue between California Street and Clement Street. The AV operator improperly engaged from manual into autonomous mode while the AV was in motion, temporarily causing the AV to steer to the right. The AV operator then disengaged from autonomous mode into manual mode, and shortly thereafter, the AV made contact with an unoccupied and parked red Chrysler Voyager. This caused damage to the AV’s front passenger side bumper fascia. The AV operator left contact information for the other party and there were no reported injuries.",,Yes,Yes,,,,,,,,,,,,,Yes,Yes,,,,,,,,,Yes,Yes,,,,,,,,,,,,,,,,,,,,,Yes,Yes,,,Yes,,,,,,,,,,,,,,,,,,,,,,,,,,,Yes,,,,,,,,,Yes,Yes,,,,,,,,,,,,,,,,,,,,,,,,,,,Yes,2021.0,,37.78266795,-122.4847643,0,1,0,0,0
Apple Inc.,Apple Inc.,9/26/2023,11:33,Yes,,2017.0,Lexus,RX 450h,,,CA,I-80 Westbound,Emeryville,Alameda,CA,94608.0,,Yes,,,,,2,,,,,Yes,,Yes,Yes,Yes,,,,,,,,,,,,,,,,,,,,,,,,,,,Chevrolet Silverado,,,CA,Yes,,,,,,2.0,,,"On September 26th, a test vehicle operating with the automated driving system engaged was traveling Westbound on Interstate 80 in Emeryville, CA, when it slowed and came to a complete stop in response to traffic. Approximately three seconds later, and while traffic remained stopped ahead, a white Chevrolet Silverado made contact from the rear. No injuries were reported and law enforcement was not called to the scene. Both vehicles sustained damage.",,Yes,Yes,,,,,,,,,,,,,Yes,Yes,,,,,,,,,Yes,Yes,,,,,,,,,,,,,,,,,,,,,Yes,Yes,Yes,,,Yes,,,,,,,,,,,,Yes,,,,,,,,,,,,,,,,,,,,,,Yes,,,Yes,,,,,,,,,,,,,,,,Yes,,,,,,,,,,,2013.0,Yes,37.83833198,-122.2967937,0,0,0,1,2
Cruise LLC,Cruise,9/27/2023,8:42,Yes,,2023.0,Cruise,AV,,,CA,453 2nd St,San Francisco,San Francisco,CA,94107.0,Yes,,,,,,2,,,Yes,,,,,,,,,,,,,,,,,,,,,,,,,,,,,,Yes,,,Model 3,,,CA,Yes,,,,,,2.0,,,"A Cruise autonomous vehicle (“AV”), operating in driverless autonomous mode, was traveling northbound on 2nd Street between Stillman Street and Bryant Street. As the AV was approaching the intersection with Stillman Street, a blue Model 3 Tesla exited out of a parking garage into the AV’s lane of travel. The AV braked and, shortly thereafter, the AV made contact with the Model 3 Tesla, damaging the AV’s front bumper fascia and front passenger side wheel opening molding. The driver of the Model 3 Tesla left the scene without exchanging information. There were no reported injuries. The driver of the Model 3 Tesla later reported damages.",,Yes,Yes,,,,,,,,,,,,,Yes,Yes,,,,,,,,,Yes,Yes,,,,,,,,,,,,,,,,,,,,,Yes,Yes,,,Yes,Yes,,,,,,,,,,,,,,,,,,,,,,,,,,,,,,,,,Yes,,,,,,,Yes,,,,,,,,,,,,,,,,,,,,,,,Yes,2018.0,Yes,37.78364956,-122.3942014,-1,1,1,1,1
WERIDE CORP,WERIDE,9/28/2023,1:54,,Yes,2023.0,Nissan,Leaf,,,CA,On Embarcadero St left turning lane to Howard St,San Francisco,San Francisco,CA,94105.0,,Yes,,,,,2,,,Yes,,,,,Yes,,,,,,,,,,,,,,,,,,,,,,,,,,,,Toyota Highlander,,,CA,Yes,,,,,,2.0,,,"At 1:54pm, a WeRide vehicle (Car 1) was stopped on Embarcadero St left turning lane to Howard St. As our vehicle (Car 1) was stopped for red traffic light, the toyota suv (Car 2) approaching from behind collided with our vehicle (Car 1). Both parties pulled over both involved vehicles and cooperated to exchange information. The damage sustained to the WeRide vehicle (Car 1) and toyota suv (Car 2) are minor.",,Yes,Yes,,,,,,,,,,,,,Yes,Yes,,,,,,,,,Yes,Yes,,,,,,,,,,,,,,,,,,,,,Yes,Yes,Yes,,,Yes,,,,,Yes,,,,,,,,,,,,,,,,,,,,,,,,,,,,,Yes,,,Yes,,,,,,,,,,,,,Yes,,,,,,,,,,,,,,2006.0,Yes,37.78802291,-122.3967418,0,0,1,1,1
Apple Inc.,Apple Inc.,9/29/2023,2:58,,Yes,2017.0,Lexus,RX 450h,,,CA,US 101S near Capitol Expressway,San Jose,Santa Clara,CA,95121.0,Yes,,,,,,1,,,Yes,,,,,,,,,,,,,,,,,,,,,,,,,,,,,,,,Yes,,,,,,,,,,,,,,"On September 29th, a test vehicle operating with the automated driving system engaged was traveling Southbound on Highway 101 in San Jose when a nearby white Jeep Cherokee ran over a piece of lumber, which was projected onto the test vehicle.  No injuries were reported and law enforcement was not called to the scene.  The test vehicle sustained minor damage.",,,,Yes,,,,,,,,,,,,Yes,,,,,,,,,,Yes,,,,,,,,,,,,,,,,,,,,Yes,,,,,,Yes,,,,,,,,,,,,,,,,,,,,,,,,,,,,,,,,,,,,,,,,,,Yes,,,,,,,,,,,,,,,,,,,,Yes,,,,Yes,37.29738977,-121.8277965,0,0,0,1,0
Waymo LLC,Waymo LLC,9/30/2023,9:00,,Yes,2021.0,Jaguar,I-Pace,,,CA,US-101 Exit 429B at Bayshore Blvd,San Francisco,San Francisco,CA,94124.0,,Yes,,,,,2,,,Yes,,,,,Yes,,,,,,,,,,,,,,,,,,,,,,,,,,,,Honda LX Sedan 4D,,,CA,Yes,,,,,,2.0,,,"On September 20th, 2023 at 9:00 PM PT a Waymo Autonomous Vehicle (“Waymo AV”) operating in San Francisco, California was in a collision involving a passenger car on US-101 exit ramp 429B at the intersection with Bayshore Boulevard.  The Waymo AV was proceeding south on exit ramp 429B in the leftmost lane and entered the slip lane to proceed north on Bayshore Boulevard. As the Waymo AV came to a stop for a red light at the intersection with Bayshore Boulevard, the front of the passenger car which was following behind the Waymo AV made contact with the rear of the Waymo AV. The Waymo AV sustained damage. At the time of the impact, the Waymo AV’s Level 4 ADS was engaged in autonomous mode, and a test driver was present.",,Yes,Yes,,,,,,,,,,,,,,,,,Yes,Yes,,,,,Yes,Yes,,,,,,,,,,,,,,,,,,,,,Yes,Yes,Yes,,,Yes,,,,,,,,,,,,,,,,,,,,,,,,,,,,,,,,,,,,,,Yes,,,,,,,,,,,,,,,,,,,,,,,,,,,Yes,37.72955584,-122.4035792,-1,0,1,1,1
Cruise LLC,Cruise,10/6/2023,11:37,Yes,,2023.0,Cruise,AV,,,CA,308 Scott St,San Francisco,San Francisco,CA,94117.0,,Yes,,,,,2,,,Yes,,,,,,,,,,,,,,,,,,,Yes,,,,,,,,,,,,,,Metris,,,CA,Yes,,,,,,2.0,,,"A Cruise autonomous vehicle (""AV""), operating in driverless autonomous mode, was stopped for a passenger pick-up in the AV’s lane of travel on northbound Scott Street between Oak Street and Page Street. After picking up the passenger while the AV remained stopped, a white Mercedes-Benz Metris reversed out of a driveway and made contact with the AV, damaging the AV’s front driver side door and front driver side auxiliary mirror. The parties exchanged information and there were no reported injuries. ",,Yes,Yes,,,,,,,,,,,,,Yes,Yes,,,,,,,,,Yes,Yes,,,,,,,,,,,,,,,,,,,,,Yes,Yes,Yes,,,,,,,,,,,,,Yes,,,,,,,,,,,,,,,,,,,,,,,,,,,,Yes,Yes,,,,,,,,,,,,,,,,,,,,,,,,,2018.0,Yes,37.77308762,-122.4355574,0,0,0,1,0
"Zoox, Inc. dba Zoox Labs Inc. ",Zoox,10/12/2023,8:12,,Yes,2017.0,Toyota,Highlander,,,CA,Jackson St. between Montgomery/Sansome Sts.,San Francisco,San Francisco,CA,94133.0,Yes,,,,Yes,Passenger Vehicle,2,,,Yes,,,,,,,,,,,,,,,,,,,,,,,,,,,,,,Yes,,,UNK,,,,,,,,,,,,Yes,A Zoox vehicle was being driven in manual mode eastbound on Jackson street between Montgomery and Sansome Streets when contact was made with the left side mirror of a parked car. There was minor damage to the Zoox vehicle's sensor housing and passenger side mirror. There were no injuries and police were not called.  ,,Yes,Yes,,,,,,,,,,,,,,,,,Yes,Yes,,,,,Yes,Yes,,,,,,,,,,,,,,,,,,,,,Yes,Yes,,,Yes,,,,,,,,,,,,,,,,,,,,,,,,,,,Yes,,,,,,,,,Yes,Yes,,,,,,,,,,,,,,,,,Yes,,,,,,,,,,,,,37.79571287,-122.4111193,0,1,0,0,0
Apple Inc.,Apple Inc.,10/13/2023,1:52,,Yes,2016.0,Lexus,RX 450h,,,CA,I-880N near Brokaw Rd Exit,San Jose,Santa Clara,CA,95131.0,Yes,,,,,,1,,,Yes,,,,,Yes,,,,,,,,,,,,,,,,Yes,,,,,,,,Yes,,,,,,,,,,,,,,,,Yes,"On October 13th, a test vehicle operating with the automated driving system engaged was traveling Northbound on Interstate 880 in San Jose. The safety driver disengaged just prior to running over a piece of sheet metal in the road. No injuries were reported and law enforcement was not called to the scene. The vehicle sustained minor damage.",,,,Yes,,,,,,,,,,,,Yes,,,,,,,,,,Yes,,,,,,,,,,,,,,,,,,,,Yes,,,,,,Yes,,,,,,,,,,,,,,,,,,,,,,,,,,,,,,,,,,,,,,,,,,Yes,,,,,,,,,,,,,,,,,,,,Yes,,Yes,,,37.38193805,-121.9028508,0,0,0,0,0
Apollo Autonomous Driving USA LLC,Apollo Autonomous Driving USA LLC,10/16/2023,12:02,,Yes,2016.0,Lincoln,MKZ Hybrid,,,CA,1901 46th Avenue,San Francisco,San Francisco,CA,94116.0,Yes,,,,,,1,,,Yes,,,,,,,,,,,,,,,,,,,,,,,,,,,,,,Yes,,,,,,,,,,,,,,,Yes,"An Apollo autonomous vehicle (“AV”) was traveling westbound on Ortega Street in San Francisco in conventional mode with a safety operator driving. At the intersection with 46th Ave.,  the right front of the AV made contact with the curb and the AV traveled onto the curb. The safety operator was able to drive off the curb and back onto the street.  No other vehicles or property were involved. There were no injuries and the police were not called. The AV sustained minor damage to right wheel fender shield and the right lower bumper.",,Yes,,,,,,,,,,,,,,Yes,,,,,,,,,,Yes,,,,,,,,,,,,,,,,,,,,,,Yes,,,,Yes,,,,,,,,,,,,,,,,,,,,,,,,,,,,,,,,,,,,,,,,,,Yes,,,,,,,,,,,,,,,,,,,,Yes,,Yes,,,37.7511403,-122.5055284,0,0,1,0,0
Waymo LLC,Waymo LLC,10/17/2023,9:24,Yes,,2021.0,Jaguar,I-Pace,,,CA,Market Street at Gough Street,San Francisco,San Francisco,CA,94103.0,Yes,,,Yes,,,2,,,Yes,,,,,,,,,,Yes,,,,,,,,,,,,,,,,,,,,,,,,,,,,,,Yes,,,,,Yes,"On October 17, 2023 at 9:24 AM PT a Waymo Autonomous Vehicle (""Waymo AV"") operating in San Francisco, California was in a collision involving a cyclist on Market Street at Gough Street.   The Waymo AV was in autonomous mode on eastbound Market Street preparing to make a right turn onto southbound Gough Street and had stopped to yield, first for pedestrians to cross Gough Street and then for a cyclist approaching from behind traveling eastbound on the sidewalk of Market Street. As the pedestrians finished crossing Gough Street but before the cyclist had reached Gough Street, the Waymo AV test driver took manual control of the Waymo AV and began to accelerate and perform the right turn onto Gough Street. After the Waymo AV entered the crosswalk, the cyclist entered the crosswalk and made contact with the passenger’s rear quarter panel of the Waymo AV. At the time of the impact, the Waymo AV's Level 4 ADS was not engaged and a test driver was operating the Waymo AV in manual mode. The Waymo AV sustained damage.",,Yes,Yes,,,,,,,,,,,,,Yes,Yes,,,,,,,,,Yes,Yes,,,,,,,,,,,,,,,,,,,,,Yes,Yes,,,,,,,Yes,,,,,,,,,,,,,,,,,Yes,,,,,,,,,,,,,,,,,,,,Yes,,,,,,,,,,,,,,,,,,,,,,,,,,37.77311022,-122.4222526,0,0,1,1,4
Apple Inc.,Apple Inc.,10/23/2023,5:06,,Yes,2016.0,Lexus,RX 450h,,,CA,Lawrence Expressway and Kifer Road,Santa Clara,Santa Clara,CA,95051.0,,Yes,,,,,2,,,Yes,,,,,,,,,,,,,,,,,,,,,,,,,,Yes,,,,,,,Lexus RX 300,,,CA,Yes,,,,,,2.0,,Yes,"On October 23rd, a test vehicle operating in manual driving mode was stopped at a red light in the righthand lane of Lawrence Expressway at the intersection with Kifer Road in Santa Clara.  A Lexus RX300 attempted to pass through traffic in the adjacent bike lane, and made contact with the test vehicle’s side mirror. No injuries were reported and law enforcement was not called to the scene. The test vehicle sustained minor damage.",,Yes,Yes,,,,,,,,,,,,,Yes,Yes,,,,,,,,,Yes,Yes,,,,,,,,,,,,,,,,,,,,,Yes,Yes,Yes,,,,,,,,,,,,,,,,,Yes,,,,,,,,,,,,,,,,,,,,,Yes,Yes,,,,,,,,,,,,,,,,,,,,,,,,,Yes,,,2000.0,,37.3742376,-121.9960717,0,0,1,1,1
Waymo LLC,Waymo LLC,10/26/2023,7:48,Yes,,2021.0,Jaguar,I-Pace,,,CA,13th Street near Bernice Street,San Francisco,San Francisco,CA,94103.0,Yes,,,,,,2,,,Yes,,,,,,,,,,,,,,,,,,,,,,,,,,,,,,,Yes,,Mercedes-Benz GLS 450   ,,,CA,Yes,,,,,,2.0,,Yes,"On October 26, 2023 at 7:48 AM PT a Waymo Autonomous Vehicle (“Waymo AV”) operating in San Francisco, California was in a collision involving an SUV on 13th Street near Bernice Street.   The Waymo AV was traveling westbound on 13th Street in the rightmost lane. As the SUV in the left adjacent lane traveling alongside the Waymo AV initiated a right lane change, the front passenger’s side of the SUV made contact with the front driver’s side of the Waymo AV. At the time of the impact, the Waymo AV’s Level 4 ADS was not engaged as the test driver transitioned the Waymo AV to manual mode just before the contact. Both vehicles sustained damage.  ",,Yes,Yes,,,,,,,,,,,,,Yes,Yes,,,,,,,,,Yes,Yes,,,,,,,,,,,,,,,,,,,,,Yes,Yes,,,Yes,,,,,,,,,,,,,,,,,Yes,,,,,,,,,,,,,,,,,,,,Yes,,,,,,,,,,,,,,,,,,,,,,,,,,,,2017.0,,37.77291376,-122.4202244,-1,0,0,1,1
Cruise LLC,Cruise,10/27/2023,1:29,Yes,,2022.0,Cruise,AV,,,CA,1113 26th St,Santa Monica,Los Angeles,CA,90403.0,Yes,,,,,,2,,,Yes,,,,,,,,,,,,,,,,,,,,,,,,,,,,,,Yes,,Yes,Outlander,,,CA,Yes,,,,,,2.0,,Yes,"A Cruise autonomous vehicle (“AV”), operating in supervised autonomous mode, was traveling northbound in an alleyway between 26th Street and Princeton Street. As the AV approached the intersection with another alleyway, a Mitsubishi Outlander traveling westbound on a perpendicular alleyway entered the intersection. In response, the Cruise AV operator disengaged from autonomous into manual mode and braked, but shortly thereafter, the AV made contact with the Mitsubishi Outlander, damaging the AV’s front passenger side bumper fascia. The parties exchanged information and there were no reported injuries.",,Yes,Yes,,,,,,,,,,,,,,,,,Yes,Yes,,,,,Yes,Yes,,,,,,,,,,,,,,,,,,,,,Yes,Yes,,,Yes,Yes,,,,,,,,,,,,,,,,,,,,,,,,,,,,,,,,,Yes,,,,,,,Yes,,,,,,,,,,,,,,,,,,,,,,,Yes,2020.0,,34.03747438,-118.478534,[1],[0],[1],[1],[1]
Waymo LLC,Waymo LLC,11/3/2023,3:44,,Yes,2021.0,Jaguar,I-Pace,,,CA,3rd Street at Stevenson Street,San Francisco,San Francisco,CA,94103.0,,Yes,,,,,3,,,Yes,,,,Yes,Yes,Yes,,,,,,,,,,,,,,,,,,,,,,,,,,,Toyota Prius,,,CA,Yes,,,,,,3.0,,,"On November 3, 2023 at 3:44 PM PT a Waymo Autonomous Vehicle (""Waymo AV"") operating in San Francisco, California was in a collision involving a passenger car on 3rd Street at Stevenson Street.  The Waymo AV was stopped in the rightmost non-HOV lane on northbound 3rd Street waiting for the intersection at Stevenson Street to clear during a green light. The passenger car behind the Waymo AV was rear-ended by a pickup truck, causing the front of the passenger car to make contact with the rear of the Waymo AV. At the time of the impact, the Waymo AV’s Level 4 ADS was engaged in autonomous mode, and a test driver was present (in the driver’s seating position). All three vehicles sustained damage.",,Yes,Yes,,,,,,,,,,,,,Yes,Yes,,,,,,,,,Yes,Yes,,,,,,,,,,,,,,,,,,,,,Yes,Yes,Yes,,,Yes,,,,,,,,,,,,,,,,,,,,,,,,,,,,,,,,,,,,,,Yes,,,,,,,,,,,,,,,,,,,,,,,,,,2017.0,Yes,37.78721497,-122.4030389,0,0,1,1,1
Waymo LLC,Waymo LLC,11/22/2023,7:59,,Yes,2021.0,Jaguar,I-Pace,,,CA,West 7th Street at South Park View Street,Los Angeles,Los Angeles,CA,90057.0,,Yes,,,,,2,,,,Yes,,,Yes,Yes,Yes,,,,,,,,,,,,,,,,,,,,,,,,,,,Toyota Corolla,,,CA,Yes,,,,,,2.0,,,"On November 22, 2023 at 7:59 PM PT a Waymo Autonomous Vehicle (“Waymo AV”) operating in Los Angeles, California was in a collision involving a passenger vehicle on West 7th Street at South Park View Street.  The Waymo AV was stopped for a red light facing southeast on West 7th Street at South Park View Street when a passenger vehicle approached from behind and made contact with the rear of the Waymo AV. At the time of the impact, the Waymo AV’s Level 4 ADS was engaged in autonomous mode, and a test driver was present (in the driver’s seating position). The Waymo AV sustained damage. ",,Yes,Yes,,,,,,,,,,,,,,,,,Yes,Yes,,,,,Yes,Yes,,,,,,,,,,,,,,,,,,,,,Yes,Yes,Yes,,,Yes,,,,,,,,,,,,,,,,,,,,,,,,,,,,,,,,,,,,,,Yes,,,,,,,,,,,,,,,,,,,,,,,,,,2013.0,Yes,34.05831185,-118.2805405,0,0,1,1,1
Nuro Inc,Nuro Inc,11/27/2023,6:00,Yes,,2022.0,Toyota,Prius,,,CA,1228 S Myrtle Ave,Inglewood,,CA,90301.0,Yes,,,,,,2,,,Yes,,,,,,,,,,,,,,,,,,,,,,,Yes,,,,,,,,,,Mazda MX-5 Miata RF,,,CA,,Yes,,,,,2.0,,Yes,"On Monday, November 27th, a Nuro Prius operating in manual mode was exiting a garage to begin the work day. At the same time, a Nuro employee was exiting their personal vehicle in the alley behind the garage. The Nuro Prius made contact with the open door of the employee's personal vehicle. No injuries were reported. The employee's personal vehicle had minor damage to the door.",,Yes,,,,,,,,,,,,,,,,Yes,,,,,,,,,,,,,,,,,,,,,,,,,,,,,,,,,,,,,,,,,,,,Yes,,,,,,,,,,,,,,,,,,,,,,,Yes,,,,,Yes,,,,,,,,,,,Yes,,,,,,,,,,,,,Yes,,,2019.0,,33.94637688,-118.3489963,0,1,0,0,0
"MERCEDES-BENZ RESEARCH & DEVELOPMENT NORTH AMERICA, INC.","MERCEDES-BENZ RESEARCH & DEVELOPMENT NORTH AMERICA, INC.",11/29/2023,5:00,,Yes,2022.0,MERCEDES-BENZ,S580,,,MI,"405S, BELLFLOWER EXIT",LONG BEACH,LOS ANGELES,CA,90810.0,,Yes,,,,,2,,,Yes,,,,Yes,Yes,Yes,,,,,,,,,,,,,,,,,,,,,,,,,,,LEXUS,7RDP999,,CA,Yes,,,,,,2.0,,Yes,The subject Mercedes-Benz had the L2 system engaged and was stationary in slow moving traffic for approximately 3 seconds on the 405 S near the Bellflower exit when it was lightly struck in the rear bumper by a Lexus driven at approximately 5 mph. ,,Yes,Yes,,,,,,,,,,,,,,,Yes,Yes,,,,,,,Yes,Yes,,,,,,,,,,,,,,,,,,,,,Yes,Yes,Yes,,,Yes,,,,,,,,,,,,,,,,,,,,,,,,,,,,,,,,,,Yes,,,Yes,,,,,,,,,,,,,Yes,,,Yes,,,,,,,,,,,2016.0,,33.8128225,-118.2235709,0,0,0,1,1
"Zoox, Inc.",Zoox,1/1/2024,9:13,,Yes,2017.0,Toyota ,Highlander,,,CA,On Capp Street at 24th Street,San Francisco,San Francisco,CA,94110.0,,Yes,,,Yes,Passenger vehicle,3,,,,Yes,,,,,,,,,,,,,,,,,,,,,,Yes,,,,Yes,,,,Yes,,Toyota SUV (Vehicle 2),,,,Yes,,,,Yes,Passenger vehicle,,,,"A Zoox vehicle (Vehicle 1) in autonomy was stopped at a red traffic light on northbound Capp St at the intersection with 24th St in San Francisco. At that time, an SUV (Vehicle 2), heading southbound on Capp St, failed to stop for the red traffic light and entered the intersection, causing a collision with a passenger car (Vehicle 3) that was traveling eastbound on 24th Street. The SUV spun after making contact with the passenger car and collided with the stopped Zoox vehicle, damaging the front bumper on the driver’s side and driver’s side fender, mirror, and sensors on the Zoox vehicle. The police and EMS personnel were called to the scene. The driver of the SUV left the scene without exchanging information. The passenger car appeared to sustain significant damage to the front end. There were no reported injuries. ",,Yes,Yes,,,,,,,,,,,,,,,,,Yes,Yes,,,,,Yes,Yes,,,,,,,,,,,,,,,,,,,,,Yes,Yes,Yes,,,Yes,,,,,,,,,,,,,,,,,,,,,,,,,,,,,,,,,,,Yes,,,,,Yes,,,,,,,,,,,,,,,,,,,,,,,,,Yes,37.7509,-122.4153,0,1,1,1,1