Manufacturers Name,Business Name,Date Of Accident,Time Of Accident,AM,PM,Vehicle Year,Make,Model,License Plate Number,Vehicle Identification Number,State Vehicle Is Registered In,Address Of Accident,City,County,State,Zip Code,Moving,Stopped In Traffic,Pedestrian Involved,Bicyclist Involved,Undefined,Other,Number Of Vehicles Involved,Damage: Unknown,Damage: None,Damage: Minor,Damage: Moderate,Damage: Major,Click 1,Left Rear 1,Rear Bumper,Right Rear 1,Left Rear 2,Left Rear 3,Right Rear 2,Right Rear 3,Left Rear Passenger 1,Left Rear Passenger 2,Right Rear Passenger 1,Right Rear Passenger 2,Left Rear Passenger 3,Left Rear Passenger 4,Right Rear Passenger 3,Right Rear Passenger 4,Front Driver Side 1,Front Driver Side 2,Front Passenger Side 1,Front Passenger Side 2,Front Driver Side 3,Front Driver Side 4,Front Passenger Side 3,Front Passenger Side 4,Left Front Corner 1,Left Front Corner 2,Right Front Corner 1,Right Front Corner 2,Left Front Corner 3,Front Bumper,Model_2,License Plate Number_2,Vehicle Identification Number_2,State Vehicle Is Registered In_2,Moving_2,Stopped In Traffic_2,Pedestrian_2,Bicyclist_2,Undefined_2,Other_2,Number Of Vehicles Involved_2,Drivers Full Name First Middle Last_2,Conventional Mode,Accident Detail Description,Additional Information Attached_3,Weather A 1,Weather A 2,Weather B 1,Weather B 2,Weather C 1,Weather C 2,Weather D 1,Weather D 2,Weather E 1,Weather E 2,Weather F 1,Weather F 2,Weather G 1,Weather G 2,Lighting A 1,Lighting A 2,Lighting B 1,Lighting B 2,Lighting C 1,Lighting C 2,Lighting D 1,Lighting D 2,Lighting E 1,Lighting E 2,Roadway A 1,Roadway A 2,Roadway B 1,Roadway B 2,Roadway C 1,Roadway C 2,Roadway D 1,Roadway D 2,Road Conditions A 1,Road Conditions A 2,Road Conditions B 1,Road Conditions B 2,Road Conditions C 1,Road Conditions C 2,Road Conditions D 1,Road Conditions D 2,Road Conditions E 1,Road Conditions E 2,Road Conditions F 1,Road Conditions F 2,Road Conditions G 1,Road Conditions G 2,Road Conditions H 1,Road Conditions H 2,Movement A 1,Movement A 2,Movement  B 1,Movement  B 2,Movement C 1,Movement C 2,Movement  D 1,Movement  D 2,Movement  E 1,Movement  E 2,Movement  F 1,Movement  F 2,Movement  G 1,Movement  G 2,Movement  H 1,Movement  H 2,Movement  I 1,Movement  I 2,Movement J 1,Movement J 2,Movement  K 1,Movement  K 2,Movement  L 1,Movement  L 2,Movement  M 1,Movement  M 2,Movement  N 1,Movement  N 2,Movement  O 1,Movement  O 2,Movement  P 1,Movement  P 2,Movement  Q 1,Movement  Q 2,Movement  R 1,Movement  R 2,Type A 1,Type A 2,Type B 1,Type B 2,Type C 1,Type C 2,Type D 1,Type D 2,Type E 1,Type E 2,Type F 1,Type F 2,Type G 1,Type G 2,Type H 1,Type H 2,Other A Yes,Other A No,Other B,Other C,Other D,Other E,Other F,Other G,Other H Yes,Other H No,Other I,Other J,Other K,Other L,Right Front Corner 3,Vehicle Year_2,Autonomous Mode,Latitude,Longitude,Narrow Roadway,Parked Vehicles,Intersection,Struck by Others,Other Party
Waymo LLC,Waymo LLC,11/8/2024,8:39,,Yes,2021.0,Jaguar,I-Pace,,,CA,26th Street near Valencia Street,San Francisco,San Francisco,CA,94110.0,,Yes,,,,,2,,,Yes,,,,,,,,,,,,,,,,,,,,,,,,,,,Yes,,,,,,Ford E-450 Super Duty,,,CA,Yes,,,,,,2.0,,,"On November 8, 2024 at 8:39 PM PT a Waymo Autonomous Vehicle (“Waymo AV”) operating in San Francisco, California was in a collision involving a food truck on 26th Street near Valencia Street.The Waymo AV was traveling west on 26th Street when it came to a stop to yield to an oncoming food truck in a narrow roadway with parked vehicles on both sides of the street. As the food truck was passing the stopped Waymo AV, the front driver’s side of the food truck made contact with the front driver’s side of the Waymo AV. At the time of the impact, the Waymo AV’s Level 4 ADS was engaged in autonomous mode, and a test driver was present (in the driver’s seating position). The Waymo AV sustained damage.",,Yes,Yes,,,,,,,,,,,,,,,,,Yes,Yes,,,,,Yes,Yes,,,,,,,,,,,,,,,,,,,,,Yes,Yes,Yes,,,Yes,,,,,,,,,,,,,,,,,,,,,,,,,,,,,,,,,,,,Yes,,,,,,,,,,,,,,,,,,,,,,,,,,,,2005.0,Yes,37.74896384,-122.4203912,1,1,0,1,2
Waymo LLC,Waymo LLC,11/26/2024,3:48,,Yes,2024.0,Jaguar,I-Pace,,,CA,shopping center near 3816 Sepulveda Blvd,Culver City,Los Angeles,CA,90230.0,,Yes,,,,,2,,,Yes,,,,Yes,,,,,,,,,,,,,,,,,,,,,,,,,,,,,Freightliner Sprinter 2500,,,CA,Yes,,,,,,2.0,,,"On November 26, 2024 at 3:48 PM PT a Waymo Autonomous Vehicle (“Waymo AV”) operating in Culver City, California was in a collision involving a van at a shopping center located near 3816 Sepulveda Boulevard.The Waymo AV was exiting a shopping center driveway and yielding to traffic as it prepared to make a right onto northwestbound Sepulveda Boulevard when a van traveling directly behind the Waymo AV passed the Waymo AV on the left and proceeded to make a right turn onto northwestbound Sepulveda Boulevard. While passing the stopped Waymo AV, the van’s passenger side made contact with the rear driver side of the Waymo AV. At the time of the impact, the Waymo AV’s Level 4 ADS was engaged in autonomous mode. Both vehicles sustained damage.",,,,Yes,Yes,,,,,,,,,,,Yes,Yes,,,,,,,,,Yes,Yes,,,,,,,,,,,,,,,,,,,,,Yes,Yes,Yes,,,,,,,,,,,,,,,,,Yes,,,,,,,,,,,,,,,,,,,,,,Yes,,,,,,,,,,,,,,,,,,,,,,,,,,,,2014.0,Yes,34.01208082,-118.4165191,0,0,1,1,2
Waymo LLC,Waymo LLC,11/26/2024,5:57,,Yes,2024.0,Jaguar ,I-Pace,,,CA,Venice Boulevard and Vermont Avenue,Los Angeles,Los Angeles,CA,90006.0,Yes,,,,,,2,,,,Yes,,,,,,,,,,,,,,,,,,,,,,,,,,Yes,,,,Yes,Yes,Honda Prelude,,,CA,Yes,,,,,,2.0,,,"On November 26, 2024 at 5:57 PM PT, a Waymo Autonomous Vehicle (“Waymo AV”) operating in Los Angeles, California, was involved in a collision involving a passenger car at the intersection of Venice Boulevard and Vermont Avenue.The Waymo AV was traveling west on Venice Blvd, and approaching Vermont Ave in the leftmost of two through lanes proceeding straight. As the Waymo AV began to enter the intersection after the traffic light turned yellow, an eastbound passenger car, waiting to make a left turn onto northbound Vermont Ave, proceeded to initiate a left turn during the yellow traffic signal, and impacted the Waymo AV on the front driver side. At the time of the impact, the Waymo AV Level 4 ADS was engaged in autonomous mode. Both vehicles sustained damage and required towing services; the passenger in the passenger car reported a minor injury.",,,,,,Yes,Yes,,,,,,,,,,,,,Yes,Yes,,,,,,,Yes,Yes,,,,,,,,,,,,,,,,,,,Yes,Yes,,,Yes,,,,,,,Yes,,,,,,,,,,,,,,,,,,,,,,,,,,,,Yes,,,,,,,,,,,,,,,,,,,,,,,,,,,,,,1997.0,Yes,34.04424697,-118.2916138,0,0,1,1,1
Waymo LLC,Waymo LLC,11/27/2024,6:21,,Yes,2024.0,Jaguar,I-Pace,,,CA,Barneveld Avenue at Jerrold Avenue,San Francisco,San Francisco,CA,94124.0,,Yes,,,,,2,,,Yes,,,,Yes,Yes,,,,,,,,,,,,,,,,,,,,,,,,,,,,Honda Civic EX-T,,,CA,Yes,,,,,,2.0,,,"On November 27, 2024 at 6:21 PM PT, a Waymo Autonomous Vehicle (“Waymo AV”) operating in San Francisco, California, was in a collision involving a passenger car on Barneveld Avenue at Jerrold Avenue.The Waymo AV was traveling north on Barneveld Avenue and came to a stop at the 3-way stop sign controlled intersection of Jerrold Avenue, when a passenger car approached the Waymo AV from behind. The front of the passenger car made contact with the rear of the Waymo AV. At the time of the impact, the Waymo AV’s Level 4 ADS was engaged in autonomous mode. The Waymo AV sustained damage.",,Yes,Yes,,,,,,,,,,,,,,,,,Yes,Yes,,,,,Yes,Yes,,,,,,,,,,,,,,,,,,,,,Yes,Yes,Yes,,,Yes,,,,,,,,,,,,,,,,,,,,,,,,,,,,,,,,,,,,,,Yes,,,,,,,,,,,,,,,,,,,,,,,,,,2018.0,Yes,37.74630313,-122.4026785,-1,0,1,1,1
Waymo LLC,Waymo LLC,11/30/2024,12:44,Yes,,2024.0,Jaguar,I-Pace,,,CA,Kearny Street at Broadway,San Francisco,San Francisco,CA,94133.0,,Yes,,,,,2,,,Yes,,,,,,,,,,,,,,,,,,,,,,,,,,,,,,,,Yes,Lexus RX 450h,,,CA,Yes,,,,,,2.0,,,"On November 30, 2024 at 12:44 AM PT a Waymo Autonomous Vehicle (“Waymo AV”) operating in San Francisco, California was in a collision involving an SUV on Kearny Street at Broadway.The Waymo AV was traveling northbound on Kearny Street and came to a stop behind an SUV that was stopped within the lane of travel. The SUV then began reversing and the Waymo AV also reversed until it came to a stop in front of a passenger vehicle behind it. The SUV continued to reverse and the rear of the SUV made contact with the front of the stationary Waymo AV. At the time of the impact, the Waymo AV’s Level 4 ADS was engaged in autonomous mode. Both vehicles sustained damage.",,Yes,Yes,,,,,,,,,,,,,,,,,Yes,Yes,,,,,Yes,Yes,,,,,,,,,,,,,,,,,,,,,Yes,Yes,Yes,,,,,,,,,,,,,Yes,,,,,,,,,,,,,,,,,,,,,,,,,,,,,,,,,,,,,,Yes,,,,,,,,,,,,,Yes,,,2018.0,Yes,37.79802851,-122.4055349,0,1,1,1,0
Waymo LLC,Waymo LLC,12/2/2024,7:58,Yes,,2021.0,Jaguar,I-Pace,,,CA,West Olympic Boulevard at South Sherbourne Drive,Los Angeles,Los Angeles,CA,90035.0,,Yes,,,,,2,,,,Yes,,,Yes,Yes,Yes,,,,,,,,,,,,,,,,,,,,,,,,,,,Honda Civic,,,CA,Yes,,,,,,2.0,,,"On December 2, 2024 at 7:58 AM PT a Waymo Autonomous Vehicle (“Waymo AV”) operating in Los Angeles, California was in a collision involving a passenger car on West Olympic Boulevard at South Sherbourne Drive.The Waymo AV was traveling westbound on West Olympic Boulevard and slowing to a stop for a queue of traffic. A passenger car approached the Waymo AV from behind, and the front of the passenger car made contact with the rear of the Waymo AV. At the time of the impact, the Waymo AV’s Level 4 ADS was engaged in autonomous mode, and a test driver was present (in the driver’s seating position). Both vehicles sustained damage.",,Yes,Yes,,,,,,,,,,,,,Yes,Yes,,,,,,,,,Yes,Yes,,,,,,,,,,,,,,,,,,,,,Yes,Yes,Yes,,,Yes,,,,,,,,,,,,,,,,,,,,,,,,,,,,,,,,,,,,,,Yes,,,,,,,,,,,,,,,,,,,,,,,Yes,,,2012.0,Yes,34.05937068,-118.3793235,0,0,1,1,1
Waymo LLC,Waymo LLC,12/2/2024,10:54,Yes,,2024.0,Jaguar,I-Pace,,,CA,East 3rd Street at South Central Avenue,Los Angeles,Los Angeles,CA,90012.0,Yes,,,,,,2,,Yes,,,,,,,,,,,,,,,,,,,,,,,,,,,,,,,,,,,,,,Yes,,,,,,2.0,,,"On December 2, 2024 at 10:54 AM PT a Waymo Autonomous Vehicle (“Waymo AV”) operating in Los Angeles, California was in a collision involving a plastic crate on East 3rd Street at South Central Avenue.The Waymo AV was traveling westbound in the center lane on East 3rd Street, crossing the intersection with South Central Avenue when the front passenger side of the Waymo AV made contact with a plastic crate that was in the roadway within the Waymo AV’s lane of travel. The contact with the Waymo AV caused the crate to move into the adjacent right lane, which was occupied by a scooterist. The front tire of the scooter made contact with the crate and the scooter and scooterist fell. At the time of the impact, the Waymo AV’s Level 4 ADS was engaged in autonomous mode. Given the speed at which the scooter was traveling at the time of the contact, the scooter may have sustained damage. ",,,,Yes,Yes,,,,,,,,,,,Yes,Yes,,,,,,,,,Yes,Yes,,,,,,,,,Yes,Yes,,,,,,,,,,,,,,,Yes,Yes,,,,,,,,,,,,,,,,,,,,,,,,,,,,,,,,,,,,,,,,,,,,,,,,,,,,,,,,,,,,Yes,,,,,Yes,34.04611617,-118.2395657,-1,0,1,1,4
"Zoox, Inc.",Zoox,12/8/2024,9:33,,Yes,2024.0,Zoox,sedan,,,CA,Intersection of 11th and Bryant St,San Francisco,San Francisco,CA,94103.0,Yes,,,,,SUV,2,,,Yes,,,,,,,,,,,,,,,,,,,,,,,,,,,,,,Yes,,,Nissan Pathfinder,,,AZ,Yes,,,,,,,,,"A Zoox vehicle (Vehicle 1) in autonomy was stopped at a red light behind an SUV (Vehicle 2) in the right travel lane on southbound 11th Street at the intersection with Bryant and Division Streets in San Francisco. After the light turned green, the SUV proceeded straight, in the right lane, toward southbound Bryant Street. The Zoox vehicle also proceeded and transitioned into the left lane (also a through lane). While almost through the intersection, the SUV suddenly veered left across the path of the Zoox vehicle toward Division Street. The Zoox vehicle braked hard in response to the turning SUV and had almost reached a stop when the rear driver side of the SUV made contact with the passenger side front fender of the Zoox vehicle. The Zoox vehicle then came to a full stop. The driver of the SUV left the scene without exchanging information. The Zoox vehicle cleared the intersection, proceeded down Bryant Street, briefly stopped again, and then pulled over on Bryant Street. The Zoox vehicle sustained minor damage to the passenger side front fender. The police were not called.",,Yes,Yes,,,,,,,,,,,,,,,,,Yes,Yes,,,,,Yes,Yes,,,,,,,,,,,,,,,,,,,,,Yes,Yes,,,Yes,,,,,,,,,,,,,,,,,,,,,,,Yes,,,,,,,,,,,,,Yes,Yes,,,,,,,,,,,,,,,,,,,,,,,,,,,,,Yes,37.7694241,-122.4108572,0,0,1,1,1
Waymo LLC,Waymo LLC,12/11/2024,12:56,Yes,,2024.0,Jaguar,I-Pace,,,CA, Bayshore Boulevard at Silver Avenue,San Francisco,San Francisco,CA,94124.0,Yes,,,,,,1,,Yes,,,,,,,,,,,,,,,,,,,,,,,,,,,,,,,,,,,,,,,,,,,,,,,"On December 11, 2024 at 12:56 AM PT a Waymo Autonomous Vehicle (""Waymo AV"") operating in San Francisco, California was in a collision involving a vacuum cleaner on Bayshore Boulevard at Silver Avenue. The Waymo AV was traveling north on Bayshore Boulevard in the left lane of two lanes when it encountered a vacuum cleaner laying on its side in the roadway within its lane and across the lane line separating the two lanes. The Waymo AV applied braking and the front passenger side tire of the Waymo AV made contact with the vacuum cleaner.  At the time of the impact, the Waymo AV's Level 4 ADS was engaged in autonomous mode. The vacuum cleaner sustained damage.Waymo is reporting this crash under Request No. 2 of Standing General Order 2021-01.  Waymo may supplement or correct its reporting with additional information as it may become available. ",,Yes,,,,,,,,,,,,,,,,,,Yes,,,,,,Yes,,,,,,,,,,,,,,,,,,,,,,Yes,,,,,,,,,,,,,,,,Yes,,,,,,,,,,,,,,,,,,,,,,,,,,,,,,Yes,,,,,,,,,,,,,,,,,,,,,,,,Yes,37.732966,-122.4046363,0,0,0,0,0
"Pony.ai, Inc.",Pony.ai,12/12/2024,4:15,,Yes,2021.0,Hyundai,Kona EV,,,CA,3501 Gateway Blvd,Fremont,Alameda,CA,94538.0,,,,,Yes,vehicle,2,,,Yes,,,,Yes,Yes,,,,,,,,,,,,,,,,,,,,,,,,,,,,Subaru,,,CA,Yes,,,,,,2.0,,Yes,"On December 12, 2024, a Pony.ai AV test vehicle was involved in a minor incident while parked behind Pony.ai’s office at 3501 Gateway Boulevard in Fremont. A passenger vehicle, unaffiliated with the company, backed into the rear of the Pony.ai AV test vehicle while it was parked. The damage to both vehicles was cosmetic in nature. There were no injuries reported, and the police were not called.",,,,Yes,Yes,Yes,Yes,,,,,,,,,Yes,Yes,,,,,,,,,,,Yes,Yes,,,,,,,,,,,,,,,,,,,Yes,Yes,,,,,,,,,,,,,,Yes,,,,,,,,,,,,,,,Yes,,,,,,,,,,,,,Yes,,,,,,,,,,,,,,,,,,,,,,,,,,2007.0,,37.47416344,-121.9408453,0,1,0,1,1
Waymo LLC,Waymo LLC,12/14/2024,9:53,Yes,,2021.0,Jaguar,I-Pace,,,CA,Alabama Street at Cesar Chavez Street,San Francisco,San Francisco,CA,94110.0,,Yes,,,,,2,,,Yes,,,,Yes,,,,,,,,,,,,,,,,,,,,,,,,,,,,,Freightliner MT45 Chassis,,,CA,Yes,,,,,,,,,"On December 14, 2024 at 9:53 AM PT a Waymo Autonomous Vehicle (“Waymo AV”) operating in San Francisco, California was in a collision involving a heavy truck on Alabama Street at Cesar Chavez Street. The Waymo AV was stopped facing a malfunctioning traffic light on southbound Alabama Street at the intersection with Cesar Chavez Street. While the Waymo AV remained stopped and the traffic light was not illuminated, a heavy truck that had been stopped behind the Waymo AV entered the oncoming lane of Alabama Street to maneuver around the Waymo AV. As the heavy truck was passing the stopped Waymo AV, the passenger side of the heavy truck made contact with the rear driver side corner of the Waymo AV. At the time of the impact, the Waymo AV’s Level 4 ADS was engaged in autonomous mode. Both vehicles sustained damage.",,,,,,Yes,Yes,,,,,,,,,Yes,Yes,,,,,,,,,,,Yes,Yes,,,,,,,,,,,,,,,,,,,Yes,Yes,Yes,,,,,,,,,,,,,,,,,Yes,,,,,,,,,,,,,,,,,,,,,,Yes,,,,,,,,,,,,,,,,,,,,,,,,,,,,2017.0,Yes,37.74827834,-122.4105841,-1,0,1,1,2
Waymo LLC,Waymo LLC,12/16/2024,1:58,Yes,,2021.0,Jaguar ,I-Pace,,,CA,Toland Street at Jerrold Avenue,San Francisco,San Francisco,CA,94124.0,,Yes,,,,,2,,,Yes,,,,,,,,,,,,,,,,,,,,,,Yes,,,,,,,,,,,,,,,Yes,,,,,,,,,"On December 16, 2024 at 1:58 AM PT a Waymo Autonomous Vehicle (“Waymo AV”) operating in San Francisco, California was in a collision involving a heavy truck on Toland Street at Jerrold Avenue. The Waymo AV was traveling northeast on Toland Street. As the Waymo AV approached the intersection with Jerrold Avenue, a heavy truck initiated a wide left turn from southwest Toland Street onto southeast Jerrold Avenue. The Waymo AV came to a stop at the four-way stop sign to prepare to cross the intersection with Jerrold Avenue. While the heavy truck was partially on Toland Street and partially on Jerrold Avenue, the Waymo AV entered the intersection to maneuver around the right side of the heavy truck, but immediately came to a stop as the heavy truck began reversing. The passenger side of the heavy truck then made contact with the passenger side of the Waymo AV. At the time of the impact, the Waymo AV’s Level 4 ADS was engaged in autonomous mode. The Waymo AV sustained damage.",,Yes,Yes,,,,,,,,,,,,,,,,,Yes,Yes,,,,,Yes,Yes,,,,,,,,,,,,,,,,,,,,,Yes,Yes,Yes,,,,,,,,,,,,,Yes,,,,,,,,,,,,,,,,,,,,,,,,,,,,,,,,,,,,,,Yes,,,,,,,,,,,,,,,,,Yes,37.7440752,-122.3987892,0,0,1,1,2
Waymo LLC,Waymo LLC,12/17/2024,1:08,,Yes,2021.0,Jaguar,I-Pace,,,CA,Van Ness Avenue at O'Farrell Street,San Francisco,San Francisco,CA,94109.0,Yes,,,,,,2,,,Yes,,,,Yes,,,,,,,,,,,,,,,,,,,,,,,,,,,,,Freightliner M2 106,,,CA,Yes,,,,,,2.0,,Yes,"On December 17, 2024 at 1:08 PM PT a Waymo Autonomous Vehicle (“Waymo AV”) operating in San Francisco, California was in a collision involving a heavy truck on Van Ness Avenue at O'Farrell Street.The Waymo AV was in autonomous mode traveling north in the rightmost of two lanes on Van Ness Avenue when it partially entered the left adjacent lane to make room for a cyclist on its right who was traveling in the same direction. A heavy truck behind in the left adjacent lane proceeded forward, and the Waymo AV test driver transitioned to manual mode immediately before the rear driver side of the Waymo AV made contact with the front passenger side of the heavy truck. At the time of the impact, the Waymo AV’s Level 4 ADS was not engaged and a test driver was operating the Waymo AV in manual mode. Both vehicles sustained damage.",,Yes,Yes,,,,,,,,,,,,,Yes,Yes,,,,,,,,,Yes,Yes,,,,,,,,,,,,,,,,,,,,,Yes,Yes,,,,Yes,,,,,,,,,,,,,,,,,,,,,,,,,,,,,,,Yes,,,,,,,,,,,,,,,,,Yes,,,,,,,,,,,,,,,,2018.0,,37.7847772,-122.4211107,0,0,1,1,2
"Zoox, Inc.",Zoox,12/18/2024,2:22,,Yes,2019.0,Toyota,Highlander,,,CA,Potrero Avenue approaching 24th St,San Francisco,San Francisco,CA,94110.0,Yes,,,,Yes,Passenger Car,2,,,Yes,,,,,,,Yes,,,,,,,,,,,,,,,,,,,,,,,,,,Dodge Challenger,,,,Yes,,,,,,,,Yes,"A Zoox vehicle (Vehicle 1) operating in manual mode was in stop-and-go traffic in the left through lane on northbound Potrero Avenue at 24th Street in San Francisco. The Zoox vehicle was gradually slowing to a stop for stopped traffic ahead when a passenger car (Vehicle 2), traveling directly behind the Zoox vehicle, moved left to proceed towards the left turn lane. As the passenger car passed the Zoox vehicle, the passenger-side mirror of the passenger car swiped the radar unit on the driver-side quarter panel of the Zoox vehicle. There was minor damage to the Zoox vehicle. The driver of the passenger car did not stop and left the scene without exchanging information. There were no reported injuries and police were not called. ",,Yes,Yes,,,,,,,,,,,,,Yes,Yes,,,,,,,,,,,,,,,,,,,,,,,,,,,,,,,Yes,Yes,,,,,,,,,,,,,,,Yes,,,Yes,,,,,,,,,,,,,,,,,,,,,Yes,Yes,,,,,,,,,,,,,,,,,,,,,,,,,,,,,,37.75297326,-122.4064135,0,0,1,1,1
Waymo LLC,Waymo LLC,12/20/2024,3:55,Yes,,2024.0,Jaguar ,I-Pace,,,CA,parking lot at 8985 Venice Boulevard,Los Angeles,Los Angeles,CA,90034.0,Yes,,,,Yes,solar panel,1,,,Yes,,,,,,,,,,,,,,,,,,,,,,,,,,,Yes,,,,,,,,,,,,,,,,,,,"On December 20, 2024 at 3:55 AM PT a Waymo Autonomous Vehicle (“Waymo AV”) operating in Los Angeles, California was in a collision involving a fixed object (solar panel) in a parking lot at 8985 Venice Boulevard. The Waymo AV was traveling through a parking lot at a low rate of speed when the front driver side of the Waymo AV made contact with the corner of a solar panel situated to the left of the Waymo AV. At the time of the impact, the Waymo AV’s Level 4 ADS was engaged in autonomous mode. The Waymo AV sustained damage.",,Yes,,,,,,,,,,,,,,,,,,Yes,,,,,,Yes,,,,,,,,,,,,,,,,,,,,Yes,,,,,,Yes,,,,,,,,,,,,,,,,,,,,,,,,,,,,,,,,,,,,,,,,,,Yes,,,,,,,,,,,,,,,,,,,,,,,,Yes,37.48000527,-122.4472289,0,0,0,0,0
Waymo LLC,Waymo LLC,12/20/2024,8:28,,Yes,2021.0,Jaguar ,I-Pace,,,CA,Bundy Dr at West Olympic Boulevard,Los Angeles,Los Angeles,CA,90025.0,,Yes,,,,,5,,,,Yes,,,Yes,,,Yes,,,,,,,,,,,,,,,,,,,,,,,Yes,Yes,Yes,Lexus LX470,,,CA,Yes,,,,,,5.0,,Yes,"On December 20, 2024 at 8:28 PM PT a Waymo Autonomous Vehicle (“Waymo AV”) operating in Los Angeles, CA was in a collision involving two SUVs, a passenger car, and a pick up truck on Bundy Dr at West Olympic Boulevard.
The Waymo AV was stopped in autonomous mode facing south at a red light as the lead vehicle in the second from the right lane when an SUV traveling northbound in an oncoming traffic lane ran the red light. As the oncoming SUV entered the intersection, it made contact with a passenger car traveling east on West Olympic Boulevard. The oncoming SUV continued through the intersection and swerved to narrowly miss a pedestrian before making contact with the front of the Waymo AV and the front driver side of a stationary pickup truck to the right of the Waymo AV. The impact from the oncoming SUV caused the Waymo AV to contact another SUV that was also stationary to the left of the Waymo AV at the red traffic light. The Waymo AV test driver transitioned to manual mode immediately before the oncoming SUV made contact. At the time of the impact, the Waymo AV’s Level 4 ADS was not engaged and a test driver was operating the Waymo AV in manual mode. The Waymo AV sustained damage to the front and rear of the vehicle, necessitating a tow from the scene. The oncoming SUV sustained damage
to the front and driver side. The stationary SUV that was contacted sustained damage to the
passenger side. The Waymo test driver was transported to a local hospital for medical
treat.",,Yes,Yes,,,,,,,,,,,,,,,,,Yes,Yes,,,,,Yes,Yes,,,,,,,,,,,,,,,,,,,,,Yes,Yes,Yes,,,,,,,,,,,,,,,,,,,,,,,,,,,,,,,,,Yes,,,,Yes,,,,,,,,,,,,,,,,,,,,,,,,,,,,,Yes,2010.0,,34.03240037,-118.4537388,0,1,1,1,1
Waymo LLC,Waymo LLC,12/25/2024,8:40,Yes,,2024.0,Jaguar,I-PACE,,,CA,Broadway near Buchanan Street,San Francisco,San Francisco,CA,94115.0,Yes,,,,,,2,,,Yes,,,,,Yes,,,,,,,,,,,,,,,,,,,,,,,,,,,,Toyota Corolla ,,,CA,,Yes,,,,,2.0,,Yes,"On December 25, 2024 at 8:40 AM PT a Waymo Autonomous Vehicle (“Waymo AV”) operating in San Francisco, California was in a collision involving a passenger car on Broadway near Buchanan Street. The Waymo AV was parked at the curb in the westbound direction of Broadway street, in front of a parked passenger car, when another passenger car parallel parked in front of the Waymo AV within close proximity to the front of the Waymo AV. Due to the proximity of the now parked passenger car in front of the Waymo AV, the Waymo AV was unable to unpark from the curb, and the ADS was disengaged to maneuver the Waymo AV away from the curb. The Waymo AV was maneuvered in manual mode to unpark from the curb. During this maneuver, the test driver reversed the Waymo AV and the rear of the Waymo AV made contact with the front of the passenger car that was parked behind the Waymo AV. At the time of the impact, the Waymo AV’s Level 4 ADS was not engaged and a test driver was operating the Waymo AV in conventional mode. Both vehicles sustained damage.",,,,Yes,Yes,,,,,,,,,,,Yes,Yes,,,,,,,,,Yes,Yes,,,,,,,,,,,,,,,,,,,,,Yes,Yes,,,,,,,,,,,,,Yes,,,,,,,,,,,,,,,,,Yes,,,,,,,,,,,Yes,Yes,,,,,,,,,,,,,,,,,,,,,,,Yes,,,2010.0,,37.79468452,-122.4316578,0,1,0,1,1
Waymo LLC,Waymo LLC,12/27/2024,10:16,,Yes,2021.0,Jaguar,I-Pace,,,CA,Larkin Street at Olive Street,San Francisco,San Francisco,CA,94109.0,,Yes,,,,,2,,,Yes,,,,,,,,,,,,,,,,,,,,,,,,,,,,,,,,,Buick Lucerne,,,CA,Yes,,,,,,2.0,,,"On December 27, 2024 at 10:16 PM PT a Waymo Autonomous Vehicle (“Waymo AV”) operating in San Francisco, California was in a collision involving a passenger car on Larkin Street at Olive Street. The Waymo AV was traveling northbound on Larkin Street when a passenger car traveling directly in front of the Waymo AV stopped in lane, and began to reverse to parallel park at the curb. While the passenger car was reversing, the rear driver side of the passenger car made contact with the front passenger side of the stationary Waymo AV. At the time of the impact, the Waymo AV’s Level 4 ADS was engaged in autonomous mode, and a test driver was present (in the driver’s seating position).  Both vehicles sustained damage.",,Yes,Yes,,,,,,,,,,,,,,,,,Yes,Yes,,,,,Yes,Yes,,,,,,,,,,,,,,,,,,,,,Yes,Yes,Yes,,,,,,,,,,,,,Yes,,,,,,,,,,,,,,,,,,,,,,,,,,,Yes,Yes,,,,,,,,,,,,,,,,,,,,,,,Yes,,Yes,2007.0,Yes,37.78471681,-122.4178431,0,1,1,1,1